UniqueID,Name,Title,Department,Phone,Email,ReportsTo,IsAssistant
edID1,Michael Demker,CEO,CEO,Phone,michealdemker@company.com,,0
edID2,Hein Sabelis,Sales President,Sales Department,Phone,hein@company.com,edID1,0
edID3,Rune Johannessen,Sales Manager,Sales Department,Phone,rune@company.com,edID2,0
edID4,Tony Coo,Sales Director,Sales Department,Phone,tonycoo@company.com,edID2,0
edID5,Fabio Desideri,Sales Manager,Sales Department,Phone,fabio@company.com,edID2,0
edID6,Janet Wilson,Sales Associate Manager,Sales Department,Phone,janet@company.com,edID2,0
edID7,Steven Golding,Marketing President,Marketing Department,Phone,steven@company.com,edID1,0
edID8,Tammy Hendrickson,Market Strategy,Marketing Department,Phone,tammy@company.com,edID7,0
edID9,David Wilburn,Marketing Director,Marketing Department,Phone,david@company.com,edID7,0
edID10,James Doeble,Partner Relations,Marketing Department,Phone,james@company.com,edID7,0
edID11,Ruth Barnsley,Online Sales Director,Marketing Department,Phone,ruth@company.com,edID7,0
edID12,Michael Andrews,Campaign Manager,Marketing Department,Phone,michael@company.com,edID7,0
edID13,Linda Mortland,Chief Financial Officer,Finance,Phone,linda@company.com,edID1,0
edID14,Atheeq Ahmed,Account Manager,Finance,Phone,atheeq@company.com,edID13,0
edID15,Sandra Sifford,Cash Manager,Finance,Phone,sandra@company.com,edID13,0
edID16,James Mosely,Planning Manager,Finance,Phone,mosely@company.com,edID13,0
edID17,Keisha Fields,Settlement Officer,Finance,Phone,keisha@company.com,edID13,0
edID18,Julie Krause,CTO,Technology,Phone,julie@company.com,edID1,0
edID19,Lawrence Flint,Project Manager,Technology,Phone,lawrence@company.com,edID18,0
edID20,Vincent Blignaut,Senior Engineer,Technology,Phone,vincent@company.com,edID18,0
edID21,Carole Riley,System Analyst,Technology,Phone,carole@company.com,edID18,0
edID22,David Gottelier,System Engineer,Technology,Phone,gottelier@company.com,edID18,0
edID23,James Dammar,Web Designer,Technology,Phone,dammar@company.com,edID18,0
edID24,Daniel Gombe,Engineer,Technology,Phone,gombe@company.com,edID18,0
edID25,Thomas Coady,Software QA Engineer,Technology,Phone,thomas@company.com,edID18,0
edID26,Lene Mathisen,Communications Engineer,Technology,Phone,lenemathisen@company.com,edID18,0
edID27,Sacha Roest,Test Engineer,Technology,Phone,sacha@company.com,edID18,0
edID28,Nick Faarvang,Information Security Engineer,Technology,Phone,nick@company.com,edID18,0
edID29,Linda Stares,Executive Assistant,Assistant,Phone,lindastares@company.com,edID1,1
edID30,Annett Boger,Human Resources Director,Human Resources,Phone,annett@company.com,edID1,0
edID31,Jan Nielsen,Human Resources Manager,Human Resources,Phone,jan@company.com,edID30,0
edID32,Edward Miller,Recruiting Manager,Human Resources,Phone,adward@company.com,edID30,0
edID33,Marty McGhie,Compensation & Benefits Specialist,Human Resources,Phone,marty@company.com,edID30,0
edID34,Robert Barnett,Office Support,Human Resources,Phone,robert@company.com,edID30,0
